Rank,Ticker,Company,Sector,Price,Market_Cap,PE,Revenue_Growth_Pct,Operating_Margin_Pct,DCF_Fair_Value,Comps_Fair_Value,Target_Price,Upside_Pct,Rating,Composite_Rating,TA_Signal,Quant_Score,FSA_Rating,Confluence_Pct,Golden_Cross,Financial_Health
1,NVDA,NVIDIA Corporation,Technology,238.9,5768717795328,30.202276,1.059,66.236997,,213.49272412100882,213.49272412100882,-10.635109200080029,UNDERWEIGHT,HOLD,BULLISH,0.65,Strong,75.0,False,Modest revenue growth; high operating margins; conservative balance sheet; weak roe; positive fcf generation.
2,AAPL,Apple Inc.,Technology,332.89,4858257080320,38.17546,16.400000000000002,32.623002,,265.34982655783335,277.8986292462667,-16.519382004185555,SELL,UNDERWEIGHT,BULLISH,0.6499999999999999,Weak,50.0,False,Strong revenue growth; high operating margins; weak roe; positive fcf generation.
3,GOOGL,Alphabet Inc.,Communication Services,346.47,4237305577472,17.384344,24.2,34.033,,330.3066666666667,345.1651091666667,-0.376624479271892,HOLD,HOLD,BULLISH,0.4999999999999999,Strong,75.0,False,Strong revenue growth; high operating margins; conservative balance sheet; strong roe; positive fcf generation.
4,MSFT,Microsoft Corporation,Technology,525.18,3899747991552,29.257936,17.7,45.111000000000004,,494.33040562208663,511.2288144976693,-2.6564578815512108,HOLD,HOLD,BULLISH,0.0,Strong,50.0,False,Strong revenue growth; high operating margins; conservative balance sheet; strong roe; positive fcf generation.
5,AMZN,"Amazon.com, Inc.",Consumer Cyclical,251.4,2711679139840,20.22526,19.6,13.689000000000002,,276.6040246358972,287.40160370871774,14.320446980396873,OVERWEIGHT,OVERWEIGHT,BULLISH,-0.2,Stable,75.0,False,Strong revenue growth; healthy margins; conservative balance sheet; strong roe; positive fcf generation.
6,SPCX,Space Exploration Technologies Corp.,Industrials,171.09,2255270707200,,91.9,-1.804,,108.20479685516082,167.1223984275804,-2.3190143038281597,HOLD,HOLD,NEUTRAL,-0.15,Strong,25.0,False,Strong revenue growth; compressed margins; conservative balance sheet.
7,META,"Meta Platforms, Inc.",Communication Services,741.9,1889994932224,27.954031,28.000000000000004,34.827000000000005,,680.66,697.8051049999999,-5.943509233050282,UNDERWEIGHT,HOLD,BULLISH,0.19999999999999998,Strong,75.0,True,Strong revenue growth; high operating margins; conservative balance sheet; strong roe; positive fcf generation.
8,AVGO,Broadcom Inc.,Technology,362.51,1730488696832,46.297577,85.5,54.307,,382.49,382.49,5.511572094562922,HOLD,OVERWEIGHT,BULLISH,0.45000000000000007,Strong,100.0,False,Strong revenue growth; high operating margins; strong roe; positive fcf generation.
9,TSLA,"Tesla, Inc.",Consumer Cyclical,378.73,1495812145152,350.67593,25.5,1.4099999,,391.6466666666667,392.5995413333334,3.662118483704324,HOLD,HOLD,BEARISH,-0.45000000000000007,Strong,50.0,False,Strong revenue growth; compressed margins; conservative balance sheet; weak roe; positive fcf generation.
10,MU,"Micron Technology, Inc.",Technology,1063.96,1201629036544,14.314004,3.793,80.678004,,832.8566666666667,832.8566666666667,-21.721054676240957,SELL,UNDERWEIGHT,BULLISH,0.65,Stable,50.0,False,Modest revenue growth; high operating margins; conservative balance sheet; strong roe; positive fcf generation.
11,BRK-B,Berkshire Hathaway Inc.,Financial Services,504.26,1079474323456,12.6286,10.0,32.561,,509.5178159403933,526.6848137672164,4.4470736856416115,HOLD,HOLD,BULLISH,-0.05000000000000002,Strong,75.0,False,Modest revenue growth; high operating margins; conservative balance sheet; positive fcf generation.
12,AMD,"Advanced Micro Devices, Inc.",Technology,631.75,1031316111360,161.1607,50.1,17.25,,488.4766666666667,508.5063666666667,-19.508291782086793,SELL,UNDERWEIGHT,BULLISH,0.4999999999999999,Strong,75.0,False,Strong revenue growth; healthy margins; conservative balance sheet; positive fcf generation.
13,LLY,Eli Lilly and Company,Healthcare,1143.12,1019367391232,38.37261,47.699999999999996,54.222,,1858.9505140178335,1752.9271512142666,53.345856184325946,BUY,BUY,BULLISH,0.8,Stable,75.0,False,Strong revenue growth; high operating margins; elevated leverage; weak roe; positive fcf generation.
14,JPM,JPMorgan Chase & Co.,Financial Services,332.38,883527974912,14.240788,30.4,50.394000000000005,,,374.0,12.521812383416563,OVERWEIGHT,OVERWEIGHT,BULLISH,0.30000000000000004,Stable,75.0,False,Strong revenue growth; high operating margins.
15,WMT,Walmart Inc.,Consumer Defensive,105.07,836155342848,38.06884,5.8999999999999995,3.45,81.93179643204263,81.82433993638334,88.60132502453682,-15.674003022235816,SELL,UNDERWEIGHT,BEARISH,0.45,Stable,50.0,False,Modest revenue growth; compressed margins; strong roe; positive fcf generation.
16,V,Visa Inc.,Financial Services,369.71,694077030400,31.46468,14.399999999999999,66.130996,456.2720352464308,232.42329141565,350.0035397356148,-5.330248103752988,UNDERWEIGHT,HOLD,BULLISH,-0.05000000000000002,Strong,50.0,False,Strong revenue growth; high operating margins; strong roe; positive fcf generation.
17,XOM,ExxonMobil Holdings Corporation,Energy,164.0,674353577984,21.106821,44.1,15.859000000000002,,143.27340762,149.30054409599998,-8.963082868292693,UNDERWEIGHT,HOLD,BULLISH,0.6499999999999999,Stable,50.0,False,Strong revenue growth; healthy margins; conservative balance sheet; positive fcf generation.
18,MA,Mastercard Incorporated,Financial Services,564.59,494586462208,31.055557,14.099999999999998,61.108,493.7826295551604,,528.3688636441284,-6.415476072171245,UNDERWEIGHT,HOLD,BULLISH,-0.30000000000000004,Stable,50.0,False,Strong revenue growth; high operating margins; elevated leverage; weak roe; positive fcf generation.
19,ABBV,AbbVie Inc.,Healthcare,265.76,469629108224,75.07345,10.2,40.035,240.28205852680784,386.7110573890133,323.6756916447556,21.792478794685287,OVERWEIGHT,OVERWEIGHT,BULLISH,0.6499999999999999,Stable,75.0,False,Strong revenue growth; high operating margins; positive fcf generation.
20,CSCO,"Cisco Systems, Inc.",Technology,112.82,444802662400,33.87988,17.599999999999998,27.718999999999998,,182.381132124349,173.13690569947917,53.46295488342421,BUY,BUY,BULLISH,0.4999999999999999,Stable,75.0,False,Strong revenue growth; high operating margins; strong roe; positive fcf generation.
